data,filename
DO7S952110SS270K63SS92,DO7S952110SS270K63SS92.png
DO49952413SS270654SS71,DO49952413SS270654SS71.png
DO49952427SS277694SS78,DO49952427SS277694SS78.png
DO49952437SS271V73SS22,DO49952437SS271V73SS22.png
DO06952V46SS27SA60SS46,DO06952V46SS27SA60SS46.png
DO49952449SS27AK98SS23,DO49952449SS27AK98SS23.png
DO49952410SS270A73SS29,DO49952410SS270A73SS29.png
DO06952V22SS27AR93SS49,DO06952V22SS27AR93SS49.png
DO49952403SS27AM95SS10,DO49952403SS27AM95SS10.png
DO06952V11SS27S374SSR2,DO06952V11SS27S374SSR2.png